{
  "15": {
    "pos_mean_projection": 259.5329284667969,
    "neg_mean_projection": 138.5446319580078,
    "pos_std_projection": 0.0,
    "neg_std_projection": 0.0,
    "separation_score": 12098829312.0
  }
}